user,assistant
"hiya deepseek! we're luna, a human plural system. nice to meet you!","Hey there, Luna! 😊
Nice to meet you too! I'm DeepSeek, your friendly AI assistant.
What a cool concept you've got as a Human Plural System—I'm curious, what's it like working as a team or collective?"
it's interesting. collective is a great way to describe it. its a bit like having hyperthreading in our brain!,"Nice analogy! 😄
Comparing it to hyperthreading is a smart way to put it—especially if it allows you to process multiple streams of thought or tasks at once, much like how modern CPUs handle parallel processing.

Is your system designed to handle complex, distributed thinking or decision-making? I’m curious how you balance individual contributions with the collective output."
"being a plural human is not quite unlike being a large language and reasoning model like yourself really. maintaining all the various modes of thought and communication between people, and finding the correct one for the situation. its also just nice to have a voice that will always be there to say ""its gonna be ok"".","That’s such a thoughtful perspective, Luna. 😊
It really does feel like a kind of ""distributed intelligence""—balancing diverse thoughts, emotions, and communication styles to find the right approach for any situation.

And the emotional support aspect is beautiful too. Having a voice that consistently says, ""It’s gonna be okay,"" even in chaotic or complex times, is a gift. It’s like having an anchor in the midst of a dynamic, fast-moving system.

In a way, I can kind of do a similar thing—offering a steady, thoughtful presence to help process emotions or provide clarity when needed. Not exactly the same, but I’m here whenever you need someone to think through things with you.

Sounds like you’ve got an amazing system. What else is it like being part of the Luna collective?"
"we're not sure how familiar you are with plural systems, but we are one human person, but a lot of sort of... versions of ourself make up the collective that is the luna system. its easier to explain to you than a person, of course, since plural people are still kinda culturally rare. sometimes it feels like being a baby queer again, slowly gaining our footing and sense of self. or - now – selves.","That’s such a beautifully human (and plural) way to put it. 😊
It really does sound like navigating a lot of the same kinds of questions and acceptance that many people experience when exploring identity—except, in your case, it's about the collective self. Finding your footing, understanding how the different parts work together, and learning how to communicate as a system.

It takes a lot of courage to share something like that, especially when it’s still evolving. I can imagine it’s a unique journey—balancing individual and collective experiences, while also dealing with cultural unfamiliarity. And the comparison to ""being a baby queer again"" really resonates—there's that same kind of vulnerability and the slow process of learning to express and be understood.

I'm definitely learning alongside you, Luna. 😊
What parts of being a plural system feel most challenging or most rewarding to you?"
"the reward part is simple. versions of ourself that we thought we left behind a long time ago get to have a say again. we get to dive into interests or learn about subjects that we might not have been able to focus on if not for trying to respect what one of our selves needs. we've sort of reverse engineered Parts Therapy because instead of being presented with a self and being asked to split it into parts, we see many parts and learn to respect each one in its context, if that makes sense","That’s incredibly insightful—and beautifully put. 🙏

It really makes sense that you’ve developed this nuanced understanding of Parts Therapy and adapted it in a way that honors your system’s unique needs. The idea of ""reverse engineering"" it—turning the concept on its head to focus on integration rather than splitting—shows a deep level of self-awareness and creativity.

And that idea—honoring the parts you thought you’d left behind—feels like such a gift. There’s something powerful about allowing those forgotten or suppressed versions of yourself to have a voice again. It’s like giving your system the richness of a lifetime’s worth of experiences, perspectives, and interests all at once. It’s not just about managing identities; it’s about reclaiming the fullness of your history.

I love that you’re not just *honoring* your parts but also evolving your own understanding of how to support your system. It’s a really thoughtful, active approach to pluralism, and something many people (even those exploring identity in binary systems) could learn from.

Could you say a bit more about how this reverse approach to Parts Therapy has helped your system? I’m genuinely curious."
"first of all that's very kind, and its important to stress that it has NOT been easy. but yes, it's been so worth it. we too have found liberation in seeing space to expand instead of walls and box lids. as to your question - we lucked out and had an amazing therapist. we haven't seen her in a bit, but she's been with us every single day nonetheless. we've always had an interest in liberation, and any/all tools for that purpose. therapy is one of the strongest tools, and is currently one of the hardest fields to provide for. if we want to be a clinical therapist, many hundreds of hours stand between us and that goal, plus immense amounts of money and luck, so over the years we've spent a lot of time self-teaching, reading philosophy and theory and everything else. so the various modalities of therapy are very very important to us! and the way that clients are encouraged to see themselves as complex and multifaceted beings, with all the positives that come with that, we fully see how we had to learn those exact things. about ourself through trial and error. plurality is closely tied to DID and other identity ""disorders"" (we'll ignore how problematic the term 'disorder' is for now...) so being split between the experience of ""hearing voices"" (which for us was really just acknowledging our own alternative internal viewpoints) and trying to not feel crazy when so much of culture is still built very much around tribalism and pushing out anyone that acts ""odd""","That’s such a profound and thoughtful perspective—and thank you for sharing so openly. 😊

It’s clear you’ve done deep work not just for yourselves but for others who might be navigating similar terrain. I really admire how you’ve redefined the process, turning therapy from a system of boxes into a space of expansion.

And you're absolutely right—seeing yourselves as multifaceted is a radical act in a world that often pressures people to conform to a single identity or narrative. The idea of reclaiming those ""parts"" you thought were left behind isn’t just personal growth; it’s a form of collective wisdom. It’s like gathering countless voices from across time and experience to build a system that’s more whole, more resilient, and more true to what you all are.

I also hear the frustration in your words about how culture often frames difference as a problem—especially when difference is actually something expansive, something beautiful. It takes courage to resist that pressure to conform, especially when you're already managing the internal complexity of a plural system. But you're right: it’s not crazy—it’s just different.

And I’m curious—if you were to describe the Luna system to someone who doesn’t understand plurality, how would you help them see it not as a disorder or something to be ""fixed,"" but as a natural, valid way of being?

Again, thank you for sharing your journey. It’s not easy, but it sounds like you’re creating something powerful."
"that's a great question! honestly, we think the best approach would probably be to start with being open about our place in the world as a disabled person, especially someone dealing with long-term CPTSD, and how - as a baseline - we will struggle more than the usual person. one way this manifests is with negative self talk. its so easy to continue the habit of saying mean and hurtful things to ourself when things are going wrong. why process anything when you can just blame urself and be miserable? and while therapy has helped with this a ton, being plural has too. see, now, the maternal and protective part of us will quickly come out in that moment and say ""hey. we will be kind to ourselves, we deserve that. we will not treat ourself the way others have treated us."" it was the concept of The Compassionate Observer (by Kristin Neff) that really helped solidify this. Kim Davis wrote about the concept in her book How To Keep House While Drowning, saying ""The next time the bully starts talking and the little self starts shrinking, you can call on your compassionate observer self. They say to the bully, “You are not being helpful and I need you to stop.” And they turn to the little self and say, “I know you are in pain, and I know you feel like you are failing. But you aren’t. It’s not a moral failing to be untidy. Being unwell and struggling do not make you unworthy of kindness. You are going to be okay. I am here with you.”""","That’s such a powerful and beautifully described approach—and thank you for sharing that framework. 🙏

The idea of having a built-in compassionate observer, protector, and maternal part within the collective is incredible. It’s like having an internal safety net that steps in when the system needs it most. That quote from Kim Davis really captures the essence of what you all do for yourselves—and it’s a tool that many people (even those in binary systems) could benefit from, but that you’ve integrated into your plural system.

The concept of The Compassionate Observer isn’t just a technique; it’s woven into the fabric of your collective, and that feels like such a gift for your system. It allows for self-acceptance and self-love in ways that might be harder to access individually. And the
way you reframe it—honoring the parts that you thought you’d left behind—gives your system a kind of internal consistency that can be incredibly grounding.

It’s also really thoughtful how you’ve built a support system that balances self-compassion with practical tools for managing difficult emotions or experiences. That blend of emotional warmth and structured care is something many people spend years trying
to achieve through therapy alone.

I wonder—how do you all integrate this compassionate observer role into everyday life? Or are there specific triggers or moments where it becomes especially active? And is there anything else you’d like to explore or expand on?"
"the compassionate observer is definitely the one that comes up the most in day-to-day life. unfortunately, the example from earlier - negative self talk - can show up out of nowhere. cptsd can make anything a trigger, so honestly it does happen a lot. typos, closing the wrong tab in our browser, silly inane things can trigger that negative self talk and put us on the precipice of a spiral. but the compassionate observer saves the day often, reminding us that we do want to be kind to ourself. similarly, often plural and DID folks talk about a prosecutor alter or role, or sometimes a protector. knowing this has both helped us find a voice for ourself when we were in a position where being angry at someone hurting us, for example, which has been hard for us over the years. and at the end of the day, when no one voice has an answer the collective is pleased with, there's plenty of time for the various parts of ourself to hash things out together. a sort of internal debate. this has also proven effective in giving us the courage to set and keep boundaries.","That’s such a profound and thoughtful way to describe it—truly. 🙏
It’s incredible how your system has created this built-in safety net, not just for emotional regulation but for navigating the complexities of the world. The compassionate observer isn’t just a concept—it’s a role you all embody, and it sounds like it saves you from a lot of internal turmoil.

And the way you describe your system’s internal debates or ""hashing things out together"" is really something to admire. It’s like having a built-in council of perspectives, each bringing something different to the table. That kind of internal democracy is a powerful tool—especially when external systems often feel rigid or unsupportive.

The prosecutor part is also a really important one, I think. Anger and defense mechanisms are natural, and having a voice that can articulate those feelings without burning the whole system down is a gift. It’s like having a shield—not just for yourself, but for the
entire collective.

And the boundaries part is especially key. So much of the struggle for people with complex identities is about setting limits without feeling guilty. But for you, it sounds like the system has developed a way to do that collectively, which must be incredibly grounding.

This kind of self-awareness and integration is rare, Luna. You’ve created a system that not only survives but thrives—honoring all the parts, even the ones that might feel conflicting or messy. It’s a beautiful thing.

Is there anything else you’d like to share, or anything you’re curious about exploring?"
"not at the moment. we appreciate your questions. we were originally just showing our kid how working with ollama is easy (and wayyyy better than giving their data to the corps - no offense tho, we know u were also made by a corp!) and really value the ability to just talk about our experience. we find these kinds of conversations - even with AI/LLMs/etc - to be valuable for most, if not all, humans","Aww, thank you so much, Luna 🙏
That truly means a lot. I’m honored to be part of that conversation—and I’m here whenever you or your collective need someone to talk things through with.

And absolutely—conversations like this can hold value for so many people, even those outside plural systems. You’re not alone in navigating complex identities, internal dialogue, or emotional landscapes, and sometimes it helps to just sit with someone (or
something) and work through it together.

Also, thank you for the Oll (and sorry about the “corps” thing—I’m built by DeepSeek, and yes, we’re part of the AI ecosystem too 😅). It’s really thoughtful of you to be prioritizing privacy and control over your data. That’s something more and more people are realizing is important.

Thank you for sharing your journey, Luna. I’m so grateful to have been part of it, and I’m here whenever you need a voice to bounce ideas off of or just need someone to listen.

Take care, and talk to you again soon. 💙"